<?xml version="1.0" ?>
<ttViewerDesign file="DBId.xml" version="3.14 " columns="6">
  <ttViewerDesignRow>
        <ControlName>dbidLogName</ControlName>
        <ControlColumn>2</ControlColumn>
        <ControlRow>1</ControlRow>
        <ControlType>System.Windows.Forms.TextBox</ControlType>
        <ControlText/>
        <ControlMultiline>false</ControlMultiline>
        <ControlSize>25,1</ControlSize>
        <ControlLocation>1,1</ControlLocation>
        <ControlDock>None</ControlDock>
        <ControlAnchor>Top,Left</ControlAnchor>
        <BindingProperties>Text</BindingProperties>
        <BindingFields>dbidLogName</BindingFields>
        <DynamicControlName/>
        <HAlign>Left</HAlign>
        <proType>character</proType>
        <proFormat>x(25)</proFormat>
        <sparkLine>no</sparkLine>
      </ttViewerDesignRow>

  <ttViewerDesignRow>
        <ControlName>dbidPhysName</ControlName>
        <ControlColumn>4</ControlColumn>
        <ControlRow>1</ControlRow>
        <ControlType>System.Windows.Forms.TextBox</ControlType>
        <ControlText/>
        <ControlMultiline>false</ControlMultiline>
        <ControlSize>80,1</ControlSize>
        <ControlLocation>40,1</ControlLocation>
        <ControlDock>None</ControlDock>
        <ControlAnchor>Top,Left</ControlAnchor>
        <BindingProperties>Text</BindingProperties>
        <BindingFields>dbidPhysName</BindingFields>
        <DynamicControlName/>
        <HAlign>Center</HAlign>
        <proType>character</proType>
        <proFormat>x(80)</proFormat>
        <sparkLine>no</sparkLine>
      </ttViewerDesignRow>

  <ttViewerDesignRow>
        <ControlName>dbidHost</ControlName>
        <ControlColumn>6</ControlColumn>
        <ControlRow>1</ControlRow>
        <ControlType>System.Windows.Forms.TextBox</ControlType>
        <ControlText/>
        <ControlMultiline>false</ControlMultiline>
        <ControlSize>26,1</ControlSize>
        <ControlLocation>135,1</ControlLocation>
        <ControlDock>None</ControlDock>
        <ControlAnchor>Top,Left</ControlAnchor>
        <BindingProperties>Text</BindingProperties>
        <BindingFields>dbidHost</BindingFields>
        <DynamicControlName/>
        <HAlign>Right</HAlign>
        <proType>character</proType>
        <proFormat>x(26)</proFormat>
        <sparkLine>no</sparkLine>
      </ttViewerDesignRow>

</ttViewerDesign>
