<?xml version="1.0" ?>
<ttViewerDesign file="ReplicationInformation.xml" version="3.14 " columns="2">
  <ttViewerDesignRow>
        <ControlName>dbStartTS</ControlName>
        <ControlColumn>2</ControlColumn>
        <ControlRow>1</ControlRow>
        <ControlType>System.Windows.Forms.TextBox</ControlType>
        <ControlText/>
        <ControlMultiline>false</ControlMultiline>
        <ControlSize>15,1</ControlSize>
        <ControlLocation>15,1</ControlLocation>
        <ControlDock>None</ControlDock>
        <ControlAnchor>Top,Left</ControlAnchor>
        <BindingProperties>Text</BindingProperties>
        <BindingFields>dbStartTS</BindingFields>
        <DynamicControlName/>
        <HAlign>Right</HAlign>
        <proType></proType>
        <proFormat>x(15)</proFormat>
        <sparkLine>no</sparkLine>
      </ttViewerDesignRow>

  <ttViewerDesignRow>
        <ControlName>dbStartTS_label</ControlName>
        <ControlColumn>1</ControlColumn>
        <ControlRow>1</ControlRow>
        <ControlType>System.Windows.Forms.Label </ControlType>
        <ControlText>DB Start:</ControlText>
        <ControlMultiline>false</ControlMultiline>
        <ControlSize>12,1</ControlSize>
        <ControlLocation>2,1</ControlLocation>
        <ControlDock>None</ControlDock>
        <ControlAnchor>Top,Left</ControlAnchor>
        <BindingProperties/>
        <BindingFields/>
        <DynamicControlName/>
        <HAlign>Right</HAlign>
      </ttViewerDesignRow>

  <ttViewerDesignRow>
        <ControlName>replStartTS</ControlName>
        <ControlColumn>2</ControlColumn>
        <ControlRow>2</ControlRow>
        <ControlType>System.Windows.Forms.TextBox</ControlType>
        <ControlText/>
        <ControlMultiline>false</ControlMultiline>
        <ControlSize>15,1</ControlSize>
        <ControlLocation>15,2</ControlLocation>
        <ControlDock>None</ControlDock>
        <ControlAnchor>Top,Left</ControlAnchor>
        <BindingProperties>Text</BindingProperties>
        <BindingFields>replStartTS</BindingFields>
        <DynamicControlName/>
        <HAlign>Right</HAlign>
        <proType></proType>
        <proFormat>x(15)</proFormat>
        <sparkLine>no</sparkLine>
      </ttViewerDesignRow>

  <ttViewerDesignRow>
        <ControlName>replStartTS_label</ControlName>
        <ControlColumn>1</ControlColumn>
        <ControlRow>2</ControlRow>
        <ControlType>System.Windows.Forms.Label </ControlType>
        <ControlText>Repl Start:</ControlText>
        <ControlMultiline>false</ControlMultiline>
        <ControlSize>12,1</ControlSize>
        <ControlLocation>2,2</ControlLocation>
        <ControlDock>None</ControlDock>
        <ControlAnchor>Top,Left</ControlAnchor>
        <BindingProperties/>
        <BindingFields/>
        <DynamicControlName/>
        <HAlign>Right</HAlign>
      </ttViewerDesignRow>

  <ttViewerDesignRow>
        <ControlName>dbTRXId</ControlName>
        <ControlColumn>2</ControlColumn>
        <ControlRow>3</ControlRow>
        <ControlType>System.Windows.Forms.TextBox</ControlType>
        <ControlText/>
        <ControlMultiline>false</ControlMultiline>
        <ControlSize>15,1</ControlSize>
        <ControlLocation>15,3</ControlLocation>
        <ControlDock>None</ControlDock>
        <ControlAnchor>Top,Left</ControlAnchor>
        <BindingProperties>Text</BindingProperties>
        <BindingFields>dbTRXId</BindingFields>
        <DynamicControlName/>
        <HAlign>Right</HAlign>
        <proType>decimal</proType>
        <proFormat>>>>>>>>>>>>>>>9</proFormat>
        <sparkLine>no</sparkLine>
      </ttViewerDesignRow>

  <ttViewerDesignRow>
        <ControlName>dbTRXId_label</ControlName>
        <ControlColumn>1</ControlColumn>
        <ControlRow>3</ControlRow>
        <ControlType>System.Windows.Forms.Label </ControlType>
        <ControlText>DB TRX Id:</ControlText>
        <ControlMultiline>false</ControlMultiline>
        <ControlSize>12,1</ControlSize>
        <ControlLocation>2,3</ControlLocation>
        <ControlDock>None</ControlDock>
        <ControlAnchor>Top,Left</ControlAnchor>
        <BindingProperties/>
        <BindingFields/>
        <DynamicControlName/>
        <HAlign>Right</HAlign>
      </ttViewerDesignRow>

  <ttViewerDesignRow>
        <ControlName>blksSent</ControlName>
        <ControlColumn>2</ControlColumn>
        <ControlRow>4</ControlRow>
        <ControlType>System.Windows.Forms.TextBox</ControlType>
        <ControlText/>
        <ControlMultiline>false</ControlMultiline>
        <ControlSize>15,1</ControlSize>
        <ControlLocation>15,4</ControlLocation>
        <ControlDock>None</ControlDock>
        <ControlAnchor>Top,Left</ControlAnchor>
        <BindingProperties>Text</BindingProperties>
        <BindingFields>blksSent</BindingFields>
        <DynamicControlName/>
        <HAlign>Right</HAlign>
        <proType>decimal</proType>
        <proFormat>->>>>>>>>>>>>>9</proFormat>
        <sparkLine>no</sparkLine>
      </ttViewerDesignRow>

  <ttViewerDesignRow>
        <ControlName>blksSent_label</ControlName>
        <ControlColumn>1</ControlColumn>
        <ControlRow>4</ControlRow>
        <ControlType>System.Windows.Forms.Label </ControlType>
        <ControlText>Blocks Sent:</ControlText>
        <ControlMultiline>false</ControlMultiline>
        <ControlSize>12,1</ControlSize>
        <ControlLocation>2,4</ControlLocation>
        <ControlDock>None</ControlDock>
        <ControlAnchor>Top,Left</ControlAnchor>
        <BindingProperties/>
        <BindingFields/>
        <DynamicControlName/>
        <HAlign>Right</HAlign>
      </ttViewerDesignRow>

  <ttViewerDesignRow>
        <ControlName>lastBlkTS</ControlName>
        <ControlColumn>2</ControlColumn>
        <ControlRow>5</ControlRow>
        <ControlType>System.Windows.Forms.TextBox</ControlType>
        <ControlText/>
        <ControlMultiline>false</ControlMultiline>
        <ControlSize>15,1</ControlSize>
        <ControlLocation>15,5</ControlLocation>
        <ControlDock>None</ControlDock>
        <ControlAnchor>Top,Left</ControlAnchor>
        <BindingProperties>Text</BindingProperties>
        <BindingFields>lastBlkTS</BindingFields>
        <DynamicControlName/>
        <HAlign>Right</HAlign>
        <proType></proType>
        <proFormat>x(15)</proFormat>
        <sparkLine>no</sparkLine>
      </ttViewerDesignRow>

  <ttViewerDesignRow>
        <ControlName>lastBlkTS_label</ControlName>
        <ControlColumn>1</ControlColumn>
        <ControlRow>5</ControlRow>
        <ControlType>System.Windows.Forms.Label </ControlType>
        <ControlText>Last Block:</ControlText>
        <ControlMultiline>false</ControlMultiline>
        <ControlSize>12,1</ControlSize>
        <ControlLocation>2,5</ControlLocation>
        <ControlDock>None</ControlDock>
        <ControlAnchor>Top,Left</ControlAnchor>
        <BindingProperties/>
        <BindingFields/>
        <DynamicControlName/>
        <HAlign>Right</HAlign>
      </ttViewerDesignRow>

</ttViewerDesign>
