<?xml version="1.0"?>
<tt_protop xmlns:xsi="http://www.w3.org/2001/XMLSchema-instance">
  <tt_protopRow>
    <order>0</order>
    <scrType>viewer</scrType>
    <evtName>dbid</evtName>
    <scrTitle>DB Id</scrTitle>
    <dcName>DBId</dcName>
    <ttName>tt_DBId</ttName>
    <minRows>0</minRows>
    <maxRows>0</maxRows>
  </tt_protopRow>
  <tt_protopRow>
    <order>1</order>
    <scrType>viewer</scrType>
    <evtName>dashboard</evtName>
    <scrTitle>Dashboard</scrTitle>
    <dcName>Dashboard</dcName>
    <ttName>tt_Dashboard</ttName>
    <minRows>0</minRows>
    <maxRows>0</maxRows>
  </tt_protopRow>
  <tt_protopRow>
    <order>2</order>
    <scrType>viewer</scrType>
    <evtName>configuration</evtName>
    <scrTitle>Configuration</scrTitle>
    <dcName>Configuration</dcName>
    <ttName>tt_Configuration</ttName>
    <minRows>0</minRows>
    <maxRows>0</maxRows>
  </tt_protopRow>
  <tt_protopRow>
    <order>3</order>
    <scrType>viewer</scrType>
    <evtName>osinfo</evtName>
    <scrTitle>OS Information</scrTitle>
    <dcName>OSInfo</dcName>
    <ttName>tt_OSInfo</ttName>
    <minRows>0</minRows>
    <maxRows>0</maxRows>
  </tt_protopRow>
  <tt_protopRow>
    <order>4</order>
    <scrType>viewer</scrType>
    <evtName>userinfo</evtName>
    <scrTitle>User Information</scrTitle>
    <dcName>UserInformation</dcName>
    <ttName>tt_UserInfo</ttName>
    <minRows>0</minRows>
    <maxRows>0</maxRows>
  </tt_protopRow>
  <tt_protopRow>
    <order>9</order>
    <scrType>browser</scrType>
    <evtName>pasoe</evtName>
    <scrTitle>PASOE Information</scrTitle>
    <dcName>pasoeInfo</dcName>
    <ttName>tt_pasoeInfo</ttName>
    <minRows>0</minRows>
    <maxRows>0</maxRows>
  </tt_protopRow>
  <tt_protopRow>
    <order>10</order>
    <scrType>browser</scrType>
    <evtName>appactivity</evtName>
    <scrTitle>Application Specific Activity</scrTitle>
    <dcName>appActivity</dcName>
    <ttName>tt_app</ttName>
    <minRows>0</minRows>
    <maxRows>0</maxRows>
  </tt_protopRow>
  <tt_protopRow>
    <order>11</order>
    <scrType>browser</scrType>
    <evtName>b2</evtName>
    <scrTitle>Buffer Pools</scrTitle>
    <dcName>B2</dcName>
    <ttName>tt_b2</ttName>
    <minRows>2</minRows>
    <maxRows>2</maxRows>
  </tt_protopRow>
  <tt_protopRow>
    <order>12</order>
    <scrType>browser</scrType>
    <evtName>replagent</evtName>
    <scrTitle>Replication Agents</scrTitle>
    <dcName>ReplAgent</dcName>
    <ttName>tt_replAgent</ttName>
    <minRows>0</minRows>
    <maxRows>2</maxRows>
  </tt_protopRow>
  <tt_protopRow>
    <order>13</order>
    <scrType>browser</scrType>
    <evtName>tenantinfo</evtName>
    <scrTitle>Tenant Information</scrTitle>
    <dcName>TenantInfo</dcName>
    <ttName>tt_tenant</ttName>
    <minRows>0</minRows>
    <maxRows>0</maxRows>
  </tt_protopRow>
  <tt_protopRow>
    <order>15</order>
    <scrType>browser</scrType>
    <evtName>blocked</evtName>
    <scrTitle>Blocked Sessions</scrTitle>
    <dcName>Blocked</dcName>
    <ttName>tt_blocked</ttName>
    <minRows>0</minRows>
    <maxRows>0</maxRows>
  </tt_protopRow>
  <tt_protopRow>
    <order>16</order>
    <scrType>browser</scrType>
    <evtName>blocker</evtName>
    <scrTitle>Top Blocker Stack Trace</scrTitle>
    <dcName>Blocker</dcName>
    <ttName>tt_blocker</ttName>
    <minRows>0</minRows>
    <maxRows>0</maxRows>
  </tt_protopRow>
  <tt_protopRow>
    <order>17</order>
    <scrType>browser</scrType>
    <evtName>activetrx</evtName>
    <scrTitle>Active Transactions</scrTitle>
    <dcName>ActiveTRX</dcName>
    <ttName>tt_trx</ttName>
    <minRows>0</minRows>
    <maxRows>0</maxRows>
  </tt_protopRow>
  <tt_protopRow>
    <order>20</order>
    <scrType>browser</scrType>
    <evtName>tblact</evtName>
    <scrTitle>Table Activity</scrTitle>
    <dcName>TableActivity</dcName>
    <ttName>tt_tblAct</ttName>
    <minRows>0</minRows>
    <maxRows>0</maxRows>
  </tt_protopRow>
  <tt_protopRow>
    <order>21</order>
    <scrType>browser</scrType>
    <evtName>idxact</evtName>
    <scrTitle>Index Activity</scrTitle>
    <dcName>IndexActivity</dcName>
    <ttName>tt_idxAct</ttName>
    <minRows>0</minRows>
    <maxRows>0</maxRows>
  </tt_protopRow>
  <tt_protopRow>
    <order>22</order>
    <scrType>browser</scrType>
    <evtName>latches</evtName>
    <scrTitle>Latch Activity</scrTitle>
    <dcName>LatchActivity</dcName>
    <ttName>tt_latch</ttName>
    <minRows>0</minRows>
    <maxRows>0</maxRows>
  </tt_protopRow>
  <tt_protopRow>
    <order>23</order>
    <scrType>browser</scrType>
    <evtName>resources</evtName>
    <scrTitle>Resource Waits</scrTitle>
    <dcName>ResourceWaits</dcName>
    <ttName>tt_resrc</ttName>
    <minRows>0</minRows>
    <maxRows>0</maxRows>
  </tt_protopRow>
  <tt_protopRow>
    <order>24</order>
    <scrType>browser</scrType>
    <evtName>txe</evtName>
    <scrTitle>TXE Locks &amp; Waits</scrTitle>
    <dcName>TXE</dcName>
    <ttName>tt_txe</ttName>
    <minRows>0</minRows>
    <maxRows>0</maxRows>
  </tt_protopRow>
  <tt_protopRow>
    <order>25</order>
    <scrType>browser</scrType>
    <evtName>brokerconfig</evtName>
    <scrTitle>Login Broker Config</scrTitle>
    <dcName>BrokerConfig</dcName>
    <ttName>tt_brokerConfig</ttName>
    <minRows>1</minRows>
    <maxRows>0</maxRows>
  </tt_protopRow>
  <tt_protopRow>
    <order>26</order>
    <scrType>browser</scrType>
    <evtName>serveract</evtName>
    <scrTitle>Server Activity</scrTitle>
    <dcName>RemoteServerActivity</dcName>
    <ttName>tt_serverioact</ttName>
    <minRows>0</minRows>
    <maxRows>0</maxRows>
  </tt_protopRow>
  <tt_protopRow>
    <order>27</order>
    <scrType>browser</scrType>
    <evtName>userio</evtName>
    <scrTitle>User IO Activity</scrTitle>
    <dcName>UserIOActivity</dcName>
    <ttName>tt_uio</ttName>
    <minRows>0</minRows>
    <maxRows>0</maxRows>
  </tt_protopRow>
  <tt_protopRow>
    <order>28</order>
    <scrType>browser</scrType>
    <evtName>seqact</evtName>
    <scrTitle>Sequence Activity</scrTitle>
    <dcName>SequenceActivity</dcName>
    <ttName>tt_seqAct</ttName>
    <minRows>0</minRows>
    <maxRows>0</maxRows>
  </tt_protopRow>
  <tt_protopRow>
    <order>29</order>
    <scrType>browser</scrType>
    <evtName>sql</evtName>
    <scrTitle>SQL Activity</scrTitle>
    <dcName>SQLActivity</dcName>
    <ttName>tt_SQL</ttName>
    <minRows>0</minRows>
    <maxRows>0</maxRows>
  </tt_protopRow>
  <tt_protopRow>
    <order>30</order>
    <scrType>browser</scrType>
    <evtName>areas</evtName>
    <scrTitle>Storage Areas</scrTitle>
    <dcName>StorageAreas</dcName>
    <ttName>tt_area</ttName>
    <minRows>0</minRows>
    <maxRows>0</maxRows>
  </tt_protopRow>
  <tt_protopRow>
    <order>31</order>
    <scrType>browser</scrType>
    <evtName>fileio</evtName>
    <scrTitle>File IO</scrTitle>
    <dcName>FileIOActivity</dcName>
    <ttName>tt_fileio</ttName>
    <minRows>0</minRows>
    <maxRows>0</maxRows>
  </tt_protopRow>
  <tt_protopRow>
    <order>39</order>
    <scrType>browser</scrType>
    <evtName>aiinfo</evtName>
    <scrTitle>After-Imaging Info</scrTitle>
    <dcName>aiInfo</dcName>
    <ttName>tt_aiinfo</ttName>
    <minRows>0</minRows>
    <maxRows>0</maxRows>
  </tt_protopRow>
  <tt_protopRow>
    <order>40</order>
    <scrType>browser</scrType>
    <evtName>apsvstat</evtName>
    <scrTitle>App Server Status</scrTitle>
    <dcName>AppSrvStatus</dcName>
    <ttName>tt_apsvList</ttName>
    <minRows>0</minRows>
    <maxRows>0</maxRows>
  </tt_protopRow>
  <tt_protopRow>
    <order>41</order>
    <scrType>browser</scrType>
    <evtName>apsvdet</evtName>
    <scrTitle>App Server Details</scrTitle>
    <dcName>ApprSrvDetails</dcName>
    <ttName>tt_apsv</ttName>
    <minRows>0</minRows>
    <maxRows>0</maxRows>
  </tt_protopRow>
  <tt_protopRow>
    <order>50</order>
    <scrType>browser</scrType>
    <evtName>bigb</evtName>
    <scrTitle>BigB Guesstimator</scrTitle>
    <dcName>BigBGuesstimator</dcName>
    <ttName>tt_bigb</ttName>
    <minRows>0</minRows>
    <maxRows>12</maxRows>
  </tt_protopRow>
  <tt_protopRow>
    <order>51</order>
    <scrType>browser</scrType>
    <evtName>chkpt</evtName>
    <scrTitle>Checkpoints</scrTitle>
    <dcName>Checkpoints</dcName>
    <ttName>tt_checkpt</ttName>
    <minRows>0</minRows>
    <maxRows>0</maxRows>
  </tt_protopRow>
  <tt_protopRow>
    <order>53</order>
    <scrType>browser</scrType>
    <evtName>who</evtName>
    <scrTitle>Who is Logged In</scrTitle>
    <dcName>Who</dcName>
    <ttName>tt_who</ttName>
    <minRows>0</minRows>
    <maxRows>0</maxRows>
  </tt_protopRow>
  <tt_protopRow>
    <order>110</order>
    <scrType>browser</scrType>
    <evtName>usrtblact</evtName>
    <scrTitle>Session Table Activity</scrTitle>
    <dcName/>
    <ttName>tt_uTbl</ttName>
    <minRows>0</minRows>
    <maxRows>0</maxRows>
  </tt_protopRow>
  <tt_protopRow>
    <order>111</order>
    <scrType>browser</scrType>
    <evtName>usridxact</evtName>
    <scrTitle>Session Index Activity</scrTitle>
    <dcName/>
    <ttName>tt_uIdx</ttName>
    <minRows>0</minRows>
    <maxRows>0</maxRows>
  </tt_protopRow>
  <tt_protopRow>
    <order>112</order>
    <scrType>browser</scrType>
    <evtName>usrstack</evtName>
    <scrTitle>Session 4GL Call Stack</scrTitle>
    <dcName/>
    <ttName>tt_uStack</ttName>
    <minRows>0</minRows>
    <maxRows>0</maxRows>
  </tt_protopRow>
  <tt_protopRow>
    <order>113</order>
    <scrType>browser</scrType>
    <evtName>usrother</evtName>
    <scrTitle>User&apos;s Other Sessions</scrTitle>
    <dcName/>
    <ttName>tt_uOther</ttName>
    <minRows>0</minRows>
    <maxRows>0</maxRows>
  </tt_protopRow>
  <tt_protopRow>
    <order>120</order>
    <scrType>browser</scrType>
    <evtName>usersoftbl</evtName>
    <scrTitle>Users Of A Table</scrTitle>
    <dcName>UsersOfTable</dcName>
    <ttName>tt_uTblAct</ttName>
    <minRows>0</minRows>
    <maxRows>0</maxRows>
  </tt_protopRow>
  <tt_protopRow>
    <order>121</order>
    <scrType>browser</scrType>
    <evtName>usersofidx</evtName>
    <scrTitle>Users Of An Index</scrTitle>
    <dcName>UsersOfIndex</dcName>
    <ttName>tt_uIdxAct</ttName>
    <minRows>0</minRows>
    <maxRows>0</maxRows>
  </tt_protopRow>
  <tt_protopRow>
    <order>130</order>
    <scrType>info</scrType>
    <evtName>usersoftbl_info</evtName>
    <scrTitle>Users Of A Table Info</scrTitle>
    <dcName>UsersOfTableInfo</dcName>
    <ttName>tt_uTblAct_Info</ttName>
    <minRows>0</minRows>
    <maxRows>1</maxRows>
  </tt_protopRow>
  <tt_protopRow>
    <order>131</order>
    <scrType>info</scrType>
    <evtName>usersofidx_info</evtName>
    <scrTitle>Users Of An Index Info</scrTitle>
    <dcName>UsersOfIndexInfo</dcName>
    <ttName>tt_uIdxAct_Info</ttName>
    <minRows>0</minRows>
    <maxRows>1</maxRows>
  </tt_protopRow>
  <tt_protopRow>
    <order>132</order>
    <scrType>info</scrType>
    <evtName>blocker_info</evtName>
    <scrTitle>Blocker Info</scrTitle>
    <dcName>BlockerInfo</dcName>
    <ttName>tt_blocker_Info</ttName>
    <minRows>0</minRows>
    <maxRows>1</maxRows>
  </tt_protopRow>
  <tt_protopRow>
    <order>210</order>
    <scrType>browser</scrType>
    <evtName>df</evtName>
    <scrTitle>Disk Free Space</scrTitle>
    <dcName>df</dcName>
    <ttName>tt_diskFree</ttName>
    <minRows>0</minRows>
    <maxRows>0</maxRows>
  </tt_protopRow>
  <tt_protopRow>
    <order>211</order>
    <scrType>browser</scrType>
    <evtName>netstat</evtName>
    <scrTitle>Network Statistics</scrTitle>
    <dcName>netstat</dcName>
    <ttName>tt_netStat</ttName>
    <minRows>0</minRows>
    <maxRows>0</maxRows>
  </tt_protopRow>
</tt_protop>
